			
			
"Congressional committee chairmen"			
"Congressional committee jurisdiction"			
"Congressional committee membership"			
"Congressional committee staffing"			
"Congressional committees"			
"Congressional committees"			
"Congressional committees (House)"			
"Congressional committees (Senate)"			
"Congressional conference committees"			
"Congressional joint committees"		"Joint Committee on Printing"	
"Congressional joint committees"		"Joint Committee on Taxation"	
"Congressional joint committees"		"Joint Committee on the Library"	
"Congressional joint committees"		"Joint Economic Committee"	
"House Administration"			
"House Agriculture"		"House Committee on Agriculture"	
"House Agriculture"		"House Committee on Agriculture"	
"House Agriculture"	"21st Century Competitiveness"	"House Committee on Agriculture"	
"House Agriculture"	"Conservation, Credit, Rural Development and Research"	"House Committee on Agriculture"	"Conservation, Credit, Rural Development, and Research"
"House Agriculture"	"Conservation, Credit, Rural Development, and Research"	"House Committee on Agriculture"	"Conservation, Credit, Rural Development, and Research"
"House Agriculture"	"Crime, Terrorism, and Homeland Security"	"House Committee on Agriculture"	
"House Agriculture"	"Department Operations, Oversight, Dairy, Nutrition, and Forestry"	"House Committee on Agriculture"	"Department Operations, Oversight, Dairy, Nutrition, and Forestry"
"House Agriculture"	"Department Operations, Oversight, Nutrition and Forestry"	"House Committee on Agriculture"	"Department Operations, Oversight, Dairy, Nutrition, and Forestry"
"House Agriculture"	"Domestic and International Monetary Policy, Trade, and Technology"	"House Committee on Agriculture"	
"House Agriculture"	"Education Reform"	"House Committee on Agriculture"	
"House Agriculture"	"Energy"	"House Committee on Agriculture"	
"House Agriculture"	"Energy and Air Quality"	"House Committee on Agriculture"	
"House Agriculture"	"Energy and Mineral Resources"	"House Committee on Agriculture"	
"House Agriculture"	"Environment and Hazardous Materials"	"House Committee on Agriculture"	
"House Agriculture"	"Farm Commodities and Risk Management"	"House Committee on Agriculture"	"General Farm Commodities and Risk Management"
"House Agriculture"	"Fisheries and Oceans"	"House Committee on Agriculture"	
"House Agriculture"	"Forests and Forest Health"	"House Committee on Agriculture"	
"House Agriculture"	"Health"	"House Committee on Agriculture"	
"House Agriculture"	"Health, for a period to be subsequently determined by the Chairman"	"House Committee on Agriculture"	
"House Agriculture"	"Health, for a period to be subsequently determined by the Chairman "	"House Committee on Agriculture"	
"House Agriculture"	"Housing and Community Opportunity"	"House Committee on Agriculture"	
"House Agriculture"	"Human Resources"	"House Committee on Agriculture"	
"House Agriculture"	"Immigration, Border Security, and Claims"	"House Committee on Agriculture"	
"House Agriculture"	"Livestock and Horticulture"	"House Committee on Agriculture"	"Livestock and Horticulture"
"House Agriculture"	"National Parks"	"House Committee on Agriculture"	
"House Agriculture"	"Research"	"House Committee on Agriculture"	
"House Agriculture"	"Specialty Crops and Foreign Agriculture Programs"	"House Committee on Agriculture"	"Specialty Crops and Foreign Agriculture Programs"
"House Agriculture"	"Trade"	"House Committee on Agriculture"	
"House Agriculture"	"Water Resources and Environment"	"House Committee on Agriculture"	
"House Agriculture"	"Water and Power"	"House Committee on Agriculture"	
"House Agriculture"	"Workforce Protections"	"House Committee on Agriculture"	
"House Appropriations"		"House Committee on Appropriations"	
"House Appropriations"		"House Committee on Appropriations"	"Agriculture, Rural Development, Food and Drug Administration, and Related Agencies"
"House Appropriations"		"House Committee on Appropriations"	"Defense"
"House Appropriations"		"House Committee on Appropriations"	"Energy and Water Development, and Related Agencies"
"House Appropriations"		"House Committee on Appropriations"	"Foreign Operations, Export Financing, and Related Programs"
"House Appropriations"		"House Committee on Appropriations"	"Homeland Security"
"House Appropriations"		"House Committee on Appropriations"	"Interior, Environment, and Related Agencies"
"House Appropriations"		"House Committee on Appropriations"	"Labor, Health and Human Services, Education, and Related Agencies"
"House Appropriations"		"House Committee on Appropriations"	"Military Quality of Life and Veterans Affairs, and Related Agencies"
"House Appropriations"		"House Committee on Appropriations"	"Science, The Departments of State, Justice, and Commerce, and Related Agencies"
"House Appropriations"		"House Committee on Appropriations"	"Transportation, Treasury, HUD, The Judiciary, District of Columbia, and Independent Agencies"
"House Armed Services"		"House Committee on Armed Services"	
"House Armed Services"		"House Committee on Armed Services"	
"House Armed Services"	" Projection Forces"	"House Committee on Armed Services"	"Projection Forces"
"House Armed Services"	"Africa, Global Human Rights and International Relations"	"House Committee on Armed Services"	
"House Armed Services"	"Coast Guard and Maritime Transportation"	"House Committee on Armed Services"	
"House Armed Services"	"Crime, Terrorism, and Homeland Security"	"House Committee on Armed Services"	
"House Armed Services"	"Department Operations, Oversight, Nutrition and Forestry"	"House Committee on Armed Services"	
"House Armed Services"	"Disability Assistance and Memorial Affairs"	"House Committee on Armed Services"	
"House Armed Services"	"Domestic and International Monetary Policy, Trade, and Technology"	"House Committee on Armed Services"	
"House Armed Services"	"Economic Opportunity"	"House Committee on Armed Services"	
"House Armed Services"	"Education Reform"	"House Committee on Armed Services"	
"House Armed Services"	"Employer-Employee Relations"	"House Committee on Armed Services"	
"House Armed Services"	"Energy and Air Quality"	"House Committee on Armed Services"	
"House Armed Services"	"Environment and Hazardous Materials"	"House Committee on Armed Services"	
"House Armed Services"	"Health"	"House Committee on Armed Services"	
"House Armed Services"	"Health, for a period to be subsequently determined by the Chairman"	"House Committee on Armed Services"	
"House Armed Services"	"Highways, Transit and Pipelines"	"House Committee on Armed Services"	
"House Armed Services"	"Immigration, Border Security, and Claims"	"House Committee on Armed Services"	
"House Armed Services"	"Military Personnel"	"House Committee on Armed Services"	"Military Personnel"
"House Armed Services"	"National Parks"	"House Committee on Armed Services"	
"House Armed Services"	"Railroads"	"House Committee on Armed Services"	
"House Armed Services"	"Readiness"	"House Committee on Armed Services"	"Readiness"
"House Armed Services"	"Space and Aeronautics"	"House Committee on Armed Services"	
"House Armed Services"	"Strategic Forces"	"House Committee on Armed Services"	"Strategic Forces"
"House Armed Services"	"Tactical Air and Land Forces"	"House Committee on Armed Services"	"Tactical Air and Land Forces"
"House Armed Services"	"Terrorism, Unconventional Threats and Capabilities"	"House Committee on Armed Services"	"Terrorism, Unconventional Threats and Capabilities"
"House Armed Services"	"Trade"	"House Committee on Armed Services"	
"House Armed Services"	"Water and Power"	"House Committee on Armed Services"	
"House Armed Services"	"the Western Hemisphere"	"House Committee on Armed Services"	
"House Budget"		"House Committee on the Budget"	
"House Budget"		"House Committee on the Budget"	
"House Education and the Workforce"		"House Committee on Education and the Workforce"	
"House Education and the Workforce"		"House Committee on Education and the Workforce"	
"House Education and the Workforce"	"21st Century Competitiveness"	"House Committee on Education and the Workforce"	"21st Century Competitiveness"
"House Education and the Workforce"	"Commerce, Trade and Consumer Protection"	"House Committee on Education and the Workforce"	
"House Education and the Workforce"	"Commerce, Trade and Consumer Protection, for a period to be subsequently determined by the Chairman"	"House Committee on Education and the Workforce"	
"House Education and the Workforce"	"Conservation, Credit, Rural Development, and Research"	"House Committee on Education and the Workforce"	
"House Education and the Workforce"	"Crime, Terrorism, and Homeland Security"	"House Committee on Education and the Workforce"	
"House Education and the Workforce"	"Department Operations, Oversight, Nutrition and Forestry"	"House Committee on Education and the Workforce"	
"House Education and the Workforce"	"Economic Development, Public Buildings and Emergency Management"	"House Committee on Education and the Workforce"	
"House Education and the Workforce"	"Economic Security, Infrastructure Protection, and Cybersecurity"	"House Committee on Education and the Workforce"	
"House Education and the Workforce"	"Education Reform"	"House Committee on Education and the Workforce"	"Education Reform"
"House Education and the Workforce"	"Employer-Employee Relations"	"House Committee on Education and the Workforce"	"Employer-Employee Relations"
"House Education and the Workforce"	"Energy and Air Quality"	"House Committee on Education and the Workforce"	
"House Education and the Workforce"	"Energy and Air Quality, for a period to be subsequently determined by the Chairman"	"House Committee on Education and the Workforce"	
"House Education and the Workforce"	"Environment, Technology, and Standards"	"House Committee on Education and the Workforce"	
"House Education and the Workforce"	"Financial Institutions and Consumer Credit"	"House Committee on Education and the Workforce"	
"House Education and the Workforce"	"Health"	"House Committee on Education and the Workforce"	
"House Education and the Workforce"	"Health, for a period to be subsequently determined by the Chairman"	"House Committee on Education and the Workforce"	
"House Education and the Workforce"	"Health, for a period to be subsequently determined by the Chairman "	"House Committee on Education and the Workforce"	
"House Education and the Workforce"	"Highways, Transit and Pipelines"	"House Committee on Education and the Workforce"	
"House Education and the Workforce"	"Housing and Community Opportunity"	"House Committee on Education and the Workforce"	
"House Education and the Workforce"	"Human Resources"	"House Committee on Education and the Workforce"	
"House Education and the Workforce"	"Immigration, Border Security, and Claims"	"House Committee on Education and the Workforce"	
"House Education and the Workforce"	"Livestock and Horticulture"	"House Committee on Education and the Workforce"	
"House Education and the Workforce"	"Military Personnel"	"House Committee on Education and the Workforce"	
"House Education and the Workforce"	"National Parks"	"House Committee on Education and the Workforce"	
"House Education and the Workforce"	"Research"	"House Committee on Education and the Workforce"	
"House Education and the Workforce"	"Select Education"	"House Committee on Education and the Workforce"	"Select Education"
"House Education and the Workforce"	"Space and Aeronautics"	"House Committee on Education and the Workforce"	
"House Education and the Workforce"	"Telecommunications and the Internet"	"House Committee on Education and the Workforce"	
"House Education and the Workforce"	"Terrorism, Unconventional Threats and Capabilities"	"House Committee on Education and the Workforce"	
"House Education and the Workforce"	"Trade"	"House Committee on Education and the Workforce"	
"House Education and the Workforce"	"Water Resources and Environment"	"House Committee on Education and the Workforce"	
"House Education and the Workforce"	"Workforce Protections"	"House Committee on Education and the Workforce"	"Workforce Protections"
"House Education and the Workforce"	"the Constitution"	"House Committee on Education and the Workforce"	
"House Energy and Commerce"		"House Committee on Energy and Commerce"	
"House Energy and Commerce"		"House Committee on Energy and Commerce"	
"House Energy and Commerce"	"21st Century Competitiveness"	"House Committee on Energy and Commerce"	
"House Energy and Commerce"	"Africa, Global Human Rights and International Relations"	"House Committee on Energy and Commerce"	
"House Energy and Commerce"	"Capital Markets, Insurance and Government Sponsored Enterprises"	"House Committee on Energy and Commerce"	
"House Energy and Commerce"	"Commerce, Trade and Consumer Protection"	"House Committee on Energy and Commerce"	"Commerce, Trade, and Consumer Protection"
"House Energy and Commerce"	"Commerce, Trade and Consumer Protection, for a period to be subsequently determined by the Chairman "	"House Committee on Energy and Commerce"	"Commerce, Trade, and Consumer Protection"
"House Energy and Commerce"	"Commercial and Administrative Law"	"House Committee on Energy and Commerce"	
"House Energy and Commerce"	"Courts, the Internet, and Intellectual Property"	"House Committee on Energy and Commerce"	
"House Energy and Commerce"	"Crime, Terrorism, and Homeland Security"	"House Committee on Energy and Commerce"	
"House Energy and Commerce"	"Department Operations, Oversight, Nutrition and Forestry"	"House Committee on Energy and Commerce"	
"House Energy and Commerce"	"Domestic and International Monetary Policy, Trade, and Technology"	"House Committee on Energy and Commerce"	
"House Energy and Commerce"	"Economic Development, Public Buildings and Emergency Management"	"House Committee on Energy and Commerce"	
"House Energy and Commerce"	"Economic Opportunity"	"House Committee on Energy and Commerce"	
"House Energy and Commerce"	"Economic Security, Infrastructure Protection, and Cybersecurity"	"House Committee on Energy and Commerce"	
"House Energy and Commerce"	"Education Reform"	"House Committee on Energy and Commerce"	
"House Energy and Commerce"	"Employer-Employee Relations"	"House Committee on Energy and Commerce"	
"House Energy and Commerce"	"Energy"	"House Committee on Energy and Commerce"	
"House Energy and Commerce"	"Energy and Air Quality"	"House Committee on Energy and Commerce"	"Energy and Air Quality"
"House Energy and Commerce"	"Energy and Air Quality, for a period to be subsequently determined by the Chairman"	"House Committee on Energy and Commerce"	"Energy and Air Quality"
"House Energy and Commerce"	"Energy and Mineral Resources"	"House Committee on Energy and Commerce"	
"House Energy and Commerce"	"Environment and Hazardous Materials"	"House Committee on Energy and Commerce"	"Environment and Hazardous Materials"
"House Energy and Commerce"	"Environment, Technology, and Standards"	"House Committee on Energy and Commerce"	
"House Energy and Commerce"	"Financial Institutions and Consumer Credit"	"House Committee on Energy and Commerce"	
"House Energy and Commerce"	"Health"	"House Committee on Energy and Commerce"	"Health"
"House Energy and Commerce"	"Health, for a period to be subsequently determined by the Chairman"	"House Committee on Energy and Commerce"	"Health"
"House Energy and Commerce"	"Highways, Transit and Pipelines"	"House Committee on Energy and Commerce"	
"House Energy and Commerce"	"Human Resources"	"House Committee on Energy and Commerce"	
"House Energy and Commerce"	"Immigration, Border Security, and Claims"	"House Committee on Energy and Commerce"	
"House Energy and Commerce"	"Livestock and Horticulture"	"House Committee on Energy and Commerce"	
"House Energy and Commerce"	"Livestock and Horticulture "	"House Committee on Energy and Commerce"	
"House Energy and Commerce"	"Management, Integration, and Oversight"	"House Committee on Energy and Commerce"	
"House Energy and Commerce"	"Military Personnel"	"House Committee on Energy and Commerce"	
"House Energy and Commerce"		"House Committee on Energy and Commerce"	"Oversight and Investigations"
"House Energy and Commerce"	"Readiness"	"House Committee on Energy and Commerce"	
"House Energy and Commerce"	"Research"	"House Committee on Energy and Commerce"	
"House Energy and Commerce"	"Select Education"	"House Committee on Energy and Commerce"	
"House Energy and Commerce"	"Social Security"	"House Committee on Energy and Commerce"	
"House Energy and Commerce"	"Strategic Forces"	"House Committee on Energy and Commerce"	
"House Energy and Commerce"	"Telecommunications and the Internet"	"House Committee on Energy and Commerce"	"Telecommunications and the Internet"
"House Energy and Commerce"	"Terrorism, Unconventional Threats and Capabilities"	"House Committee on Energy and Commerce"	
"House Energy and Commerce"	"Trade"	"House Committee on Energy and Commerce"	
"House Energy and Commerce"	"Water Resources and Environment"	"House Committee on Energy and Commerce"	
"House Energy and Commerce"	"Workforce Protections"	"House Committee on Energy and Commerce"	
"House Financial Services"		"House Committee on Financial Services"	
"House Financial Services"		"House Committee on Financial Services"	
"House Financial Services"	"Africa, Global Human Rights and International Relations"	"House Committee on Financial Services"	
"House Financial Services"	"Capital Markets, Insurance and Government Sponsored Enterprises"	"House Committee on Financial Services"	"Capital Markets, Insurance, and Government Sponsored Enterprises"
"House Financial Services"	"Commerce, Trade and Consumer Protection"	"House Committee on Financial Services"	
"House Financial Services"	"Commercial and Administrative Law"	"House Committee on Financial Services"	
"House Financial Services"	"Conservation, Credit, Rural Development and Research"	"House Committee on Financial Services"	
"House Financial Services"	"Crime, Terrorism, and Homeland Security"	"House Committee on Financial Services"	
"House Financial Services"	"Domestic and International Monetary Policy, Trade and Technology"	"House Committee on Financial Services"	"Domestic and International Monetary Policy, Trade, and Technology"
"House Financial Services"	"Domestic and International Monetary Policy, Trade, and Technology"	"House Committee on Financial Services"	"Domestic and International Monetary Policy, Trade, and Technology"
"House Financial Services"	"Economic Development, Public Buildings and Emergency Management"	"House Committee on Financial Services"	
"House Financial Services"	"Economic Opportunity"	"House Committee on Financial Services"	
"House Financial Services"	"Economic Security, Infrastructure Protection, and Cybersecurity"	"House Committee on Financial Services"	
"House Financial Services"	"Education Reform"	"House Committee on Financial Services"	
"House Financial Services"	"Energy and Air Quality"	"House Committee on Financial Services"	
"House Financial Services"	"Energy and Mineral Resources"	"House Committee on Financial Services"	
"House Financial Services"	"Environment and Hazardous Materials"	"House Committee on Financial Services"	
"House Financial Services"	"Farm Commodities and Risk Management"	"House Committee on Financial Services"	
"House Financial Services"	"Financial Institutions and Consumer Credit"	"House Committee on Financial Services"	"Financial Institutions and Consumer Credit"
"House Financial Services"	"Health"	"House Committee on Financial Services"	
"House Financial Services"	"Health, for a period to be subsequently determined by the Chairman"	"House Committee on Financial Services"	
"House Financial Services"	"Health, for a period to be subsequently determined by the Chairman "	"House Committee on Financial Services"	
"House Financial Services"	"Housing and Community Opportunity"	"House Committee on Financial Services"	"Housing and Community Opportunity"
"House Financial Services"	"Human Resources"	"House Committee on Financial Services"	
"House Financial Services"	"Immigration, Border Security, and Claims"	"House Committee on Financial Services"	
"House Financial Services"	"Middle East and Central Asia"	"House Committee on Financial Services"	
"House Financial Services"		"House Committee on Financial Services"	"Oversight and Investigations"
"House Financial Services"	"Research"	"House Committee on Financial Services"	
"House Financial Services"	"Social Security"	"House Committee on Financial Services"	
"House Financial Services"	"Space and Aeronautics"	"House Committee on Financial Services"	
"House Financial Services"	"Trade"	"House Committee on Financial Services"	
"House Financial Services"	"Water Resources and Environment"	"House Committee on Financial Services"	
"House Financial Services"	"Workforce Protections"	"House Committee on Financial Services"	
"House Financial Services"	"the Constitution"	"House Committee on Financial Services"	
"House Government Reform"		"House Committee on Government Reform"	
"House Government Reform"		"House Committee on Government Reform"	"Criminal Justice, Drug Policy and Human Resources"
"House Government Reform"	"Economic Development, Public Buildings and Emergency Management"	"House Committee on Government Reform"	
"House Government Reform"	"Energy and Air Quality"	"House Committee on Government Reform"	"Energy and Resources"
"House Government Reform"	"Federal Workforce and Agency Organization"	"House Committee on Government Reform"	"Federal Workforce and Agency Organization"
"House Government Reform"	"Federalism and the Census"	"House Committee on Government Reform"	"Federalism and the Census"
"House Government Reform"		"House Committee on Government Reform"	"Government Management, Finance, and Accountability"
"House Government Reform"		"House Committee on Government Reform"	"National Security, Emerging Threats and International Relations"
"House Government Reform"		"House Committee on Government Reform"	"Regulatory Affairs"
"House Government Reform"	"the Constitution"	"House Committee on Government Reform"	
"House Homeland Security"		"House Committee on Homeland Security"	
"House Homeland Security"		"House Committee on Homeland Security"	
"House Homeland Security"	"21st Century Competitiveness"	"House Committee on Homeland Security"	
"House Homeland Security"	"Coast Guard and Maritime Transportation"	"House Committee on Homeland Security"	
"House Homeland Security"	"Commerce, Trade and Consumer Protection, for a period to be subsequently determined by the Chairman"	"House Committee on Homeland Security"	
"House Homeland Security"	"Crime, Terrorism, and Homeland Security"	"House Committee on Homeland Security"	
"House Homeland Security"	"Department Operations, Oversight, Nutrition and Forestry"	"House Committee on Homeland Security"	
"House Homeland Security"	"Economic Development, Public Buildings and Emergency Management"	"House Committee on Homeland Security"	
"House Homeland Security"	"Economic Security, Infrastructure Protection, and Cybersecurity"	"House Committee on Homeland Security"	"Economic Security, Infrastructure Protection, and Cybersecurity"
"House Homeland Security"	"Economic Security, infrastructure Protection, and Cybersecurity"	"House Committee on Homeland Security"	"Economic Security, Infrastructure Protection, and Cybersecurity"
"House Homeland Security"	"Emergency Preparedness, Science, and Technology"	"House Committee on Homeland Security"	"Emergency Preparedness, Science, and Technology"
"House Homeland Security"	"Energy and Air Quality"	"House Committee on Homeland Security"	
"House Homeland Security"	"Environment and Hazardous Materials"	"House Committee on Homeland Security"	
"House Homeland Security"	"Health"	"House Committee on Homeland Security"	
"House Homeland Security"	"Health, for a period to be subsequently determined by the Chairman"	"House Committee on Homeland Security"	
"House Homeland Security"	"Highways, Transit and Pipelines"	"House Committee on Homeland Security"	
"House Homeland Security"	"Immigration, Border Security, and Claims"	"House Committee on Homeland Security"	
"House Homeland Security"	"Intelligence, Information Sharing, and Terrorism Risk Assessment"	"House Committee on Homeland Security"	"Intelligence, Information Sharing, and Terrorism Risk Assessment"
"House Homeland Security"		"House Committee on Homeland Security"	"Investigations"
"House Homeland Security"	"Management, Integration and Oversight"	"House Committee on Homeland Security"	"Management, Integration, and Oversight"
"House Homeland Security"	"Management, Integration, and Oversight"	"House Committee on Homeland Security"	"Management, Integration, and Oversight"
"House Homeland Security"	"Prevention of Nuclear and Biological Attack"	"House Committee on Homeland Security"	"Prevention of Nuclear and Biological Attack"
"House Homeland Security"	"Railroads"	"House Committee on Homeland Security"	
"House Homeland Security"	"Telecommunications and the Internet"	"House Committee on Homeland Security"	
"House Homeland Security"	"Terrorism, Unconventional Threats and Capabilities"	"House Committee on Homeland Security"	
"House Homeland Security"	"Trade"	"House Committee on Homeland Security"	
"House House Administration"		"House Committee on House Administration"	
"House House Administration"		"House Committee on House Administration"	
"House House Administration"	"National Parks"	"House Committee on House Administration"	
"House Intelligence (Permanent Select)"		"House Permanent Select Committee on Intelligence"	
"House Intelligence (Permanent Select)"		"House Permanent Select Committee on Intelligence"	"Intelligence Policy"
"House Intelligence (Permanent Select)"		"House Permanent Select Committee on Intelligence"	"Oversight"
"House Intelligence (Permanent Select)"		"House Permanent Select Committee on Intelligence"	"Technical and Tactical Intelligence"
"House Intelligence (Permanent Select)"	"Crime, Terrorism, and Homeland Security"	"House Permanent Select Committee on Intelligence"	"Terrorism, Human Intelligence, Analysis and Counterintelligence"
"House International Relations"		"House Committee on International Relations"	
"House International Relations"		"House Committee on International Relations"	
"House International Relations"	"Africa, Global Human Rights and International Operations"	"House Committee on International Relations"	"Africa, Global Human Rights and International Operations"
"House International Relations"	"Africa, Global Human Rights and International Relations"	"House Committee on International Relations"	"Africa, Global Human Rights and International Operations"
"House International Relations"	"Asia and the Pacific"	"House Committee on International Relations"	"Asia and the Pacific"
"House International Relations"	"Domestic and International Monetary Policy, Trade, and Technology"	"House Committee on International Relations"	
"House International Relations"	"Europe and Emerging Threats"	"House Committee on International Relations"	"Europe and Emerging Threats"
"House International Relations"	"Financial Institutions and Consumer Credit"	"House Committee on International Relations"	
"House International Relations"	"International Terrorism and Nonproliferation"	"House Committee on International Relations"	"International Terrorism and Nonproliferation"
"House International Relations"	"Middle East and Central Asia"	"House Committee on International Relations"	"The Middle East and Central Asia"
"House International Relations"		"House Committee on International Relations"	"Oversight and Investigations"
"House International Relations"	"Select Education"	"House Committee on International Relations"	
"House International Relations"	"Strategic Forces"	"House Committee on International Relations"	
"House International Relations"	"Water Resources and Environment"	"House Committee on International Relations"	
"House International Relations"	"Western Hemisphere"	"House Committee on International Relations"	"The Western Hemisphere"
"House International Relations"	"the Western Hemisphere"	"House Committee on International Relations"	"The Western Hemisphere"
"House Judiciary"		"House Committee on the Judiciary"	
"House Judiciary"		"House Committee on the Judiciary"	
"House Judiciary"	"21st Century Competitiveness"	"House Committee on the Judiciary"	
"House Judiciary"	"Capital Markets, Insurance and Government Sponsored Enterprises"	"House Committee on the Judiciary"	
"House Judiciary"	"Commerce, Trade and Consumer Protection"	"House Committee on the Judiciary"	
"House Judiciary"	"Commerce, Trade and Consumer Protection, for a period to be subsequently determined by the Chairman"	"House Committee on the Judiciary"	
"House Judiciary"	"Commercial and Administrative Law"	"House Committee on the Judiciary"	"Commercial and Administrative Law"
"House Judiciary"	"Conservation, Credit, Rural Development, and Research"	"House Committee on the Judiciary"	
"House Judiciary"	"Constitution"	"House Committee on the Judiciary"	
"House Judiciary"	"Courts, the Internet, and Intellectual Property"	"House Committee on the Judiciary"	"Courts, the Internet, and Intellectual Property"
"House Judiciary"	"Crime, Terrorism, and Homeland Security"	"House Committee on the Judiciary"	"Crime, Terrorism, and Homeland Security"
"House Judiciary"	"Disability Assistance and Memorial Affairs"	"House Committee on the Judiciary"	
"House Judiciary"	"Economic Development, Public Buildings and Emergency Management"	"House Committee on the Judiciary"	
"House Judiciary"	"Economic Security, Infrastructure Protection, and Cybersecurity"	"House Committee on the Judiciary"	
"House Judiciary"	"Education Reform"	"House Committee on the Judiciary"	
"House Judiciary"	"Employer-Employee Relations"	"House Committee on the Judiciary"	
"House Judiciary"	"Environment and Hazardous Materials"	"House Committee on the Judiciary"	
"House Judiciary"	"Forests and Forest Health"	"House Committee on the Judiciary"	
"House Judiciary"	"Health"	"House Committee on the Judiciary"	
"House Judiciary"	"Health, for a period to be subsequently determined by the Chairman"	"House Committee on the Judiciary"	
"House Judiciary"	"Highways, Transit and Pipelines"	"House Committee on the Judiciary"	
"House Judiciary"	"Immigration, Border Security, and Claims"	"House Committee on the Judiciary"	"Immigration, Border Security, and Claims"
"House Judiciary"	"Management, Integration, and Oversight"	"House Committee on the Judiciary"	
"House Judiciary"	"Middle East and Central Asia"	"House Committee on the Judiciary"	
"House Judiciary"	"Military Personnel"	"House Committee on the Judiciary"	
"House Judiciary"	"Social Security"	"House Committee on the Judiciary"	
"House Judiciary"	"Telecommunications and the Internet, for a period to be subsequently determined by the Chairman"	"House Committee on the Judiciary"	
"House Judiciary"	"Trade"	"House Committee on the Judiciary"	
"House Judiciary"	"Water Resources and Environment"	"House Committee on the Judiciary"	
"House Judiciary"	"Workforce Protections"	"House Committee on the Judiciary"	
"House Judiciary"	"the Constitution"	"House Committee on the Judiciary"	"The Constitution"
"House Judiciary"	"the Western Hemisphere"	"House Committee on the Judiciary"	
"House Resources"		"House Committee on Resources"	
"House Resources"		"House Committee on Resources"	
"House Resources"	"Aviation"	"House Committee on Resources"	
"House Resources"	"Coast Guard and Maritime Transportation"	"House Committee on Resources"	
"House Resources"	"Department Operations, Oversight, Nutrition and Forestry"	"House Committee on Resources"	
"House Resources"	"Economic Development, Public Buildings and Emergency Management"	"House Committee on Resources"	
"House Resources"	"Education Reform"	"House Committee on Resources"	
"House Resources"	"Energy"	"House Committee on Resources"	
"House Resources"	"Energy and Air Quality"	"House Committee on Resources"	
"House Resources"	"Energy and Air Quality, for a period to be subsequently determined by the Chairman"	"House Committee on Resources"	
"House Resources"	"Energy and Air Quality, for a period to be subsequently determined by the Chairman "	"House Committee on Resources"	
"House Resources"	"Energy and Mineral Resources"	"House Committee on Resources"	"Energy and Mineral Resources"
"House Resources"	"Environment and Hazardous Materials, for a period to be subsequently determined by the Chairman "	"House Committee on Resources"	
"House Resources"	"Environment, Technology, and Standards"	"House Committee on Resources"	
"House Resources"	"Fisheries Conservation, Wildlife and Oceans"	"House Committee on Resources"	
"House Resources"	"Fisheries and Oceans"	"House Committee on Resources"	"Fisheries and Oceans"
"House Resources"	"Forests and Forest Health"	"House Committee on Resources"	"Forests and Forest Health"
"House Resources"	"Health"	"House Committee on Resources"	
"House Resources"	"Housing and Community Opportunity"	"House Committee on Resources"	
"House Resources"	"National Parks"	"House Committee on Resources"	"National Parks"
"House Resources"	"Readiness"	"House Committee on Resources"	
"House Resources"	"Select Education"	"House Committee on Resources"	
"House Resources"	"Space and Aeronautics"	"House Committee on Resources"	
"House Resources"	"Trade"	"House Committee on Resources"	
"House Resources"	"Water Resources and Environment"	"House Committee on Resources"	
"House Resources"	"Water and Power"	"House Committee on Resources"	"Water and Power"
"House Rules"		"House Committee on Rules"	
"House Rules"		"House Committee on Rules"	"Legislative and Budget Process"
"House Rules"		"House Committee on Rules"	"Rules and the Organization of the House"
"House Science"		"House Committee on Science"	
"House Science"		"House Committee on Science"	
"House Science"	"21st Century Competitiveness"	"House Committee on Science"	
"House Science"	"Conservation, Credit, Rural Development and Research"	"House Committee on Science"	
"House Science"	"Department Operations, Oversight, Nutrition and Forestry"	"House Committee on Science"	
"House Science"	"Economic Development, Public Buildings and Emergency Management"	"House Committee on Science"	
"House Science"	"Education Reform"	"House Committee on Science"	
"House Science"	"Energy"	"House Committee on Science"	"Energy"
"House Science"	"Energy and Air Quality"	"House Committee on Science"	
"House Science"	"Energy and Air Quality, for a period to be subsequently determined by the Chairman "	"House Committee on Science"	
"House Science"	"Energy and Mineral Resources"	"House Committee on Science"	
"House Science"	"Environment, Technology, and Standards"	"House Committee on Science"	"Environment, Technology, and Standards"
"House Science"	"Fisheries and Oceans"	"House Committee on Science"	
"House Science"	"Forests and Forest Health"	"House Committee on Science"	
"House Science"	"Health, for a period to be subsequently determined by the Chairman"	"House Committee on Science"	
"House Science"	"Highways, Transit and Pipelines"	"House Committee on Science"	
"House Science"	"Housing and Community Opportunity"	"House Committee on Science"	
"House Science"	"Research"	"House Committee on Science"	"Research"
"House Science"	"Space and Aeronautics"	"House Committee on Science"	"Space and Aeronautics"
"House Science"	"Telecommunications and the Internet"	"House Committee on Science"	
"House Science"	"Terrorism, Unconventional Threats and Capabilities"	"House Committee on Science"	
"House Science"	"Water and Power"	"House Committee on Science"	
"House Small Business"		"House Committee on Small Business"	
"House Small Business"		"House Committee on Small Business"	"Regulatory Reform and Oversight"
"House Small Business"		"House Committee on Small Business"	"Rural Enterprises, Agriculture, and Technology"
"House Small Business"		"House Committee on Small Business"	"Tax, Finance, and Exports"
"House Small Business"		"House Committee on Small Business"	"Workforce, Empowerment, and Government Programs"
"House Standards of Official Conduct"		"House Committee on Standards of Official Conduct"	
"House Transportation and Infrastructure"		"House Committee on Transportation and Infrastructure"	
"House Transportation and Infrastructure"		"House Committee on Transportation and Infrastructure"	
"House Transportation and Infrastructure"	"Aviation"	"House Committee on Transportation and Infrastructure"	"Aviation"
"House Transportation and Infrastructure"	"Coast Guard and Maritime Transportation"	"House Committee on Transportation and Infrastructure"	"Coast Guard and Maritime Transportation"
"House Transportation and Infrastructure"	"Conservation, Credit, Rural Development, and Research"	"House Committee on Transportation and Infrastructure"	
"House Transportation and Infrastructure"	"Courts, the Internet, and Intellectual Property"	"House Committee on Transportation and Infrastructure"	
"House Transportation and Infrastructure"	"Crime, Terrorism, and Homeland Security"	"House Committee on Transportation and Infrastructure"	
"House Transportation and Infrastructure"	"Department Operations, Oversight, Nutrition and Forestry"	"House Committee on Transportation and Infrastructure"	
"House Transportation and Infrastructure"	"Domestic and International Monetary Policy, Trade, and Technology"	"House Committee on Transportation and Infrastructure"	
"House Transportation and Infrastructure"	"Economic Development, Public Buildings and Emergency Management"	"House Committee on Transportation and Infrastructure"	"Economic Development, Public Buildings and Emergency Management"
"House Transportation and Infrastructure"	"Economic Development, Public Buildings, and Emergency Management"	"House Committee on Transportation and Infrastructure"	"Economic Development, Public Buildings and Emergency Management"
"House Transportation and Infrastructure"	"Economic Security, Infrastructure Protection, and Cybersecurity"	"House Committee on Transportation and Infrastructure"	
"House Transportation and Infrastructure"	"Education Reform"	"House Committee on Transportation and Infrastructure"	
"House Transportation and Infrastructure"	"Emergency Preparedness, Science, and Technology"	"House Committee on Transportation and Infrastructure"	
"House Transportation and Infrastructure"	"Energy"	"House Committee on Transportation and Infrastructure"	
"House Transportation and Infrastructure"	"Energy and Air Quality"	"House Committee on Transportation and Infrastructure"	
"House Transportation and Infrastructure"	"Energy and Mineral Resources"	"House Committee on Transportation and Infrastructure"	
"House Transportation and Infrastructure"	"Environment and Hazardous Materials"	"House Committee on Transportation and Infrastructure"	
"House Transportation and Infrastructure"	"Environment and Hazardous Materials, for a period to be subsequently determined by the Chairman"	"House Committee on Transportation and Infrastructure"	
"House Transportation and Infrastructure"	"Environment and Hazardous Materials, for a period to be subsequently determined by the Chairman "	"House Committee on Transportation and Infrastructure"	
"House Transportation and Infrastructure"	"Environment, Technology, and Standards"	"House Committee on Transportation and Infrastructure"	
"House Transportation and Infrastructure"	"Fisheries and Oceans"	"House Committee on Transportation and Infrastructure"	
"House Transportation and Infrastructure"	"Forests and Forest Health"	"House Committee on Transportation and Infrastructure"	
"House Transportation and Infrastructure"	"Health"	"House Committee on Transportation and Infrastructure"	
"House Transportation and Infrastructure"	"Health, for a period to be subsequently determined by the Chairman"	"House Committee on Transportation and Infrastructure"	
"House Transportation and Infrastructure"	"Highways, Transit and Pipelines"	"House Committee on Transportation and Infrastructure"	"Highways, Transit and Pipelines"
"House Transportation and Infrastructure"	"Housing and Community Opportunity"	"House Committee on Transportation and Infrastructure"	
"House Transportation and Infrastructure"	"Management, Integration, and Oversight"	"House Committee on Transportation and Infrastructure"	
"House Transportation and Infrastructure"	"National Parks"	"House Committee on Transportation and Infrastructure"	
"House Transportation and Infrastructure"	"Railroads"	"House Committee on Transportation and Infrastructure"	"Railroads"
"House Transportation and Infrastructure"	"Readiness"	"House Committee on Transportation and Infrastructure"	
"House Transportation and Infrastructure"	"Telecommunications and the Internet"	"House Committee on Transportation and Infrastructure"	
"House Transportation and Infrastructure"	"Terrorism, Unconventional Threats and Capabilities"	"House Committee on Transportation and Infrastructure"	
"House Transportation and Infrastructure"	"Water Resources and Environment"	"House Committee on Transportation and Infrastructure"	"Water Resources and Environment"
"House Transportation and Infrastructure"	"Water and Power"	"House Committee on Transportation and Infrastructure"	
"House Veterans' Affairs"			
"House Veterans' Affairs"			
"House Veterans' Affairs"	" Disability Assistance and Memorial Affairs"		
"House Veterans' Affairs"	"21st Century Competitiveness"		
"House Veterans' Affairs"	"Disability Assistance and Memorial Affairs"		
"House Veterans' Affairs"	"Economic Opportunity"		
"House Veterans' Affairs"	"Education Reform"		
"House Veterans' Affairs"	"Employer-Employee Relations"		
"House Veterans' Affairs"	"Health"		
"House Veterans' Affairs"	"Health, for a period to be subsequently determined by the Chairman "		
"House Veterans' Affairs"	"Immigration, Border Security, and Claims"		
"House Veterans' Affairs"	"Military Personnel"		
"House Veterans' Affairs"	"Oversight and Investigations"		
"House Veterans' Affairs"	"Terrorism, Unconventional Threats and Capabilities"		
"House Veterans' Affairs"	"Trade"		
"House Ways and Means"		"House Committee on Ways and Means"	
"House Ways and Means"		"House Committee on Ways and Means"	
"House Ways and Means"	"21st Century Competitiveness"	"House Committee on Ways and Means"	
"House Ways and Means"	"Coast Guard and Maritime Transportation"	"House Committee on Ways and Means"	
"House Ways and Means"	"Commerce, Trade and Consumer Protection"	"House Committee on Ways and Means"	
"House Ways and Means"	"Courts, the Internet, and Intellectual Property"	"House Committee on Ways and Means"	
"House Ways and Means"	"Crime, Terrorism, and Homeland Security"	"House Committee on Ways and Means"	
"House Ways and Means"	"Disability Assistance and Memorial Affairs"	"House Committee on Ways and Means"	
"House Ways and Means"	"Domestic and International Monetary Policy, Trade, and Technology"	"House Committee on Ways and Means"	
"House Ways and Means"	"Education Reform"	"House Committee on Ways and Means"	
"House Ways and Means"	"Employer-Employee Relations"	"House Committee on Ways and Means"	
"House Ways and Means"	"Fisheries and Oceans"	"House Committee on Ways and Means"	
"House Ways and Means"	"Health"	"House Committee on Ways and Means"	"Health"
"House Ways and Means"	"Health, for a period to be subsequently determined by the Chairman"	"House Committee on Ways and Means"	"Health"
"House Ways and Means"	"Housing and Community Opportunity"	"House Committee on Ways and Means"	
"House Ways and Means"	"Human Resources"	"House Committee on Ways and Means"	"Human Resources"
"House Ways and Means"	"Immigration, Border Security, and Claims"	"House Committee on Ways and Means"	
"House Ways and Means"		"House Committee on Ways and Means"	"Oversight"
"House Ways and Means"	"Railroads"	"House Committee on Ways and Means"	
"House Ways and Means"	"Select Education"	"House Committee on Ways and Means"	
"House Ways and Means"		"House Committee on Ways and Means"	"Select Revenue Measures"
"House Ways and Means"	"Social Security"	"House Committee on Ways and Means"	"Social Security"
"House Ways and Means"	"Trade"	"House Committee on Ways and Means"	"Trade"
"House Ways and Means"	"Workforce Protections"	"House Committee on Ways and Means"	
"House Ways and Means"	"the Western Hemisphere"	"House Committee on Ways and Means"	
"Labor-management committees"			
"Labor-management committees"			
"Political action committees"			
"Political action committees"			
"Senate Aging (Special)"		"Senate Special Committee on Aging"	
"Senate Agriculture, Nutrition, and Forestry"		"Senate Committee on Agriculture, Nutrition, and Forestry"	
"Senate Agriculture, Nutrition, and Forestry"	"Forestry, Conservation, and Rural Revitalization"	"Senate Committee on Agriculture, Nutrition, and Forestry"	"Forestry, Conservation, and Rural Revitalization"
"Senate Agriculture, Nutrition, and Forestry"		"Senate Committee on Agriculture, Nutrition, and Forestry"	"Marketing, Inspection, and Product Promotion"
"Senate Agriculture, Nutrition, and Forestry"		"Senate Committee on Agriculture, Nutrition, and Forestry"	"Production and Price Competitiveness"
"Senate Agriculture, Nutrition, and Forestry"		"Senate Committee on Agriculture, Nutrition, and Forestry"	"Research, Nutrition, and General Legislation"
"Senate Appropriations"		"Senate Committee on Appropriations"	
"Senate Appropriations"	"Agriculture, Rural Development, and Related Agencies"	"Senate Committee on Appropriations"	"Agriculture, Rural Development, and Related Agencies"
"Senate Appropriations"	"Commerce, Justice, and Science and Related Agencies"	"Senate Committee on Appropriations"	"Commerce, Justice, Science and Related Agencies"
"Senate Appropriations"	"Defense"	"Senate Committee on Appropriations"	"Defense"
"Senate Appropriations"	"District of Columbia"	"Senate Committee on Appropriations"	"District of Columbia"
"Senate Appropriations"	"Energy and Water, and Related Agencies"	"Senate Committee on Appropriations"	"Energy and Water, and Related Agencies"
"Senate Appropriations"	"Homeland Security"	"Senate Committee on Appropriations"	"Homeland Security"
"Senate Appropriations"	"Interior and Related Agencies"	"Senate Committee on Appropriations"	"Interior and Related Agencies"
"Senate Appropriations"		"Senate Committee on Appropriations"	"Labor, Health and Human Services, Education, and Related Agencies"
"Senate Appropriations"		"Senate Committee on Appropriations"	"Legislative Branch"
"Senate Appropriations"	"Military Construction and Veterans' Affairs and Related Agencies"	"Senate Committee on Appropriations"	"Military Construction and Veterans&apos; Affairs and Related Agencies"
"Senate Appropriations"	"State, Foreign Operations, and Related Programs"	"Senate Committee on Appropriations"	"State, Foreign Operations, and Related Programs"
"Senate Appropriations"	"Transportation, Treasury, the Judiciary, and Housing and Urban Development, and Related Agencies"	"Senate Committee on Appropriations"	"Transportation, Treasury, the Judiciary, and Housing and Urban Development, and Related Agencies"
"Senate Armed Services"		"Senate Committee on Armed Services"	
"Senate Armed Services"		"Senate Committee on Armed Services"	"Airland"
"Senate Armed Services"		"Senate Committee on Armed Services"	"Emerging Threats and Capabilities"
"Senate Armed Services"		"Senate Committee on Armed Services"	"Personnel"
"Senate Armed Services"		"Senate Committee on Armed Services"	"Readiness and Management Support"
"Senate Armed Services"		"Senate Committee on Armed Services"	"SeaPower"
"Senate Armed Services"		"Senate Committee on Armed Services"	"Strategic Forces"
"Senate Banking, Housing, and Urban Affairs"		"Senate Committee on Banking, Housing, and Urban Affairs"	
"Senate Banking, Housing, and Urban Affairs"		"Senate Committee on Banking, Housing, and Urban Affairs"	"Economic Policy"
"Senate Banking, Housing, and Urban Affairs"		"Senate Committee on Banking, Housing, and Urban Affairs"	"Financial Institutions"
"Senate Banking, Housing, and Urban Affairs"	"Housing and Transportation"	"Senate Committee on Banking, Housing, and Urban Affairs"	"Housing and Transportation"
"Senate Banking, Housing, and Urban Affairs"		"Senate Committee on Banking, Housing, and Urban Affairs"	"International Trade and Finance"
"Senate Banking, Housing, and Urban Affairs"		"Senate Committee on Banking, Housing, and Urban Affairs"	"Securities and Investment"
"Senate Budget"		"Senate Committee on the Budget"	
"Senate Commerce, Science, and Transportation"		"Senate Committee on Commerce, Science, and Transportation"	
"Senate Commerce, Science, and Transportation"		"Senate Committee on Commerce, Science, and Transportation"	"Aviation"
"Senate Commerce, Science, and Transportation"	"Consumer Affairs, Product Safety, and Insurance"	"Senate Committee on Commerce, Science, and Transportation"	"Consumer Affairs, Product Safety, and Insurance"
"Senate Commerce, Science, and Transportation"		"Senate Committee on Commerce, Science, and Transportation"	"Disaster Prevention and Prediction"
"Senate Commerce, Science, and Transportation"		"Senate Committee on Commerce, Science, and Transportation"	"Fisheries and Coast Guard"
"Senate Commerce, Science, and Transportation"		"Senate Committee on Commerce, Science, and Transportation"	"Global Climate Change and Impacts"
"Senate Commerce, Science, and Transportation"		"Senate Committee on Commerce, Science, and Transportation"	"National Ocean Policy Study"
"Senate Commerce, Science, and Transportation"	"Science and Space"	"Senate Committee on Commerce, Science, and Transportation"	"Science and Space"
"Senate Commerce, Science, and Transportation"		"Senate Committee on Commerce, Science, and Transportation"	"Surface Transportation and Merchant Marine"
"Senate Commerce, Science, and Transportation"		"Senate Committee on Commerce, Science, and Transportation"	"Technology, Innovation, and Competitiveness"
"Senate Commerce, Science, and Transportation"	"Trade, Tourism, and Economic Development"	"Senate Committee on Commerce, Science, and Transportation"	"Trade, Tourism, and Economic Development"
"Senate Energy and Natural Resources"		"Senate Committee on Energy and Natural Resources"	
"Senate Energy and Natural Resources"		"Senate Committee on Energy and Natural Resources"	"Energy "
"Senate Energy and Natural Resources"	"National Parks"	"Senate Committee on Energy and Natural Resources"	"National Parks"
"Senate Energy and Natural Resources"	"Public Lands and Forests"	"Senate Committee on Energy and Natural Resources"	"Public Lands and Forests "
"Senate Energy and Natural Resources"	"Water and Power"	"Senate Committee on Energy and Natural Resources"	"Water and Power"
"Senate Environment and Public Works"		"Senate Committee on Environment and Public Works"	
"Senate Environment and Public Works"	"Clean Air, Climate Change, and Nuclear Safety"	"Senate Committee on Environment and Public Works"	"Clean Air, Climate Change, and Nuclear Safety"
"Senate Environment and Public Works"		"Senate Committee on Environment and Public Works"	"Fisheries, Wildlife, and Water"
"Senate Environment and Public Works"		"Senate Committee on Environment and Public Works"	"Superfund and Waste Management"
"Senate Environment and Public Works"		"Senate Committee on Environment and Public Works"	"Transportation and Infrastructure"
"Senate Finance"		"Senate Committee on Finance"	
"Senate Finance"		"Senate Committee on Finance"	"Health Care"
"Senate Finance"		"Senate Committee on Finance"	"International Trade"
"Senate Finance"		"Senate Committee on Finance"	"Long-term Growth and Debt Reduction"
"Senate Finance"		"Senate Committee on Finance"	"Social Security and Family Policy"
"Senate Finance"		"Senate Committee on Finance"	"Taxation and IRS Oversight"
"Senate Foreign Relations"		"Senate Committee on Foreign Relations"	
"Senate Foreign Relations"		"Senate Committee on Foreign Relations"	"African Affairs"
"Senate Foreign Relations"		"Senate Committee on Foreign Relations"	"East Asian and Pacific Affairs"
"Senate Foreign Relations"		"Senate Committee on Foreign Relations"	"European Affairs"
"Senate Foreign Relations"		"Senate Committee on Foreign Relations"	"International Economic Policy, Export and Trade Promotion"
"Senate Foreign Relations"		"Senate Committee on Foreign Relations"	"International Operations and Terrorism"
"Senate Foreign Relations"		"Senate Committee on Foreign Relations"	"Near Eastern and South Asian Affairs"
"Senate Foreign Relations"		"Senate Committee on Foreign Relations"	"Western Hemisphere, Peace Corps and Narcotics Affairs"
"Senate Health, Education,  Labor, and Pensions"		"Senate Committee on Health, Education, Labor, and Pensions"	
"Senate Health, Education,  Labor, and Pensions"	"Bioterrorism and Public Health Preparedness"	"Senate Committee on Health, Education, Labor, and Pensions"	"Bioterrorism and Public Health Preparedness"
"Senate Health, Education,  Labor, and Pensions"	"Education and Early Childhood Development"	"Senate Committee on Health, Education, Labor, and Pensions"	"Education and Early Childhood Development"
"Senate Health, Education,  Labor, and Pensions"		"Senate Committee on Health, Education, Labor, and Pensions"	"Employment and Workplace Safety"
"Senate Health, Education,  Labor, and Pensions"	"Labor, Health and Human Services, Education, and Related Agencies"	"Senate Committee on Health, Education, Labor, and Pensions"	
"Senate Health, Education,  Labor, and Pensions"		"Senate Committee on Health, Education, Labor, and Pensions"	"Retirement Security and Aging"
"Senate Homeland Security and Governmental Affairs"		"Senate Committee on Homeland Security and Governmental Affairs"	
"Senate Homeland Security and Governmental Affairs"	"Federal Financial Management, Government Information, and International Security"	"Senate Committee on Homeland Security and Governmental Affairs"	"Federal Financial Management, Government Information, and International Security"
"Senate Homeland Security and Governmental Affairs"	"Oversight of Government Management, the Federal Workforce and the District of Columbia"	"Senate Committee on Homeland Security and Governmental Affairs"	"Oversight of Government Management, the Federal Workforce, and the District of Columbia"
"Senate Homeland Security and Governmental Affairs"		"Senate Committee on Homeland Security and Governmental Affairs"	"Permanent Subcommittee on Investigations"
"Senate Indian Affairs"		"Senate Committee on Indian Affairs"	
"Senate Intelligence (Select)"			
"Senate Judiciary"		"Senate Committee on the Judiciary"	
"Senate Judiciary"	"Administrative Oversight and the Courts"	"Senate Committee on the Judiciary"	"Administrative Oversight and the Courts"
"Senate Judiciary"		"Senate Committee on the Judiciary"	"Antitrust, Competition Policy and Consumer Rights"
"Senate Judiciary"	"Constitution, Civil Rights and Property Rights"	"Senate Committee on the Judiciary"	"Constitution, Civil Rights and Property Rights"
"Senate Judiciary"		"Senate Committee on the Judiciary"	"Corrections and Rehabilitation"
"Senate Judiciary"		"Senate Committee on the Judiciary"	"Crime and Drugs"
"Senate Judiciary"		"Senate Committee on the Judiciary"	"Immigration, Border Security and Citizenship"
"Senate Judiciary"		"Senate Committee on the Judiciary"	"Intellectual Property"
"Senate Judiciary"	"Terrorism, Technology and Homeland Security"	"Senate Committee on the Judiciary"	"Terrorism, Technology and Homeland Security"
"Senate Rules and Administration"		"Senate Committee on Rules and Administration"	
"Senate Small Business and Entrepreneurship"		"Senate Committee on Small Business and Entrepreneurship"	
"Senate Veterans' Affairs"		"Senate Committee on Veterans&apos; Affairs"	
		"Senate Select Committee on Ethics"	
		"United States Senate Caucus on International Narcotics Control"	
